Name,Kind,Latitude,Longitude,Address or lookup name,List,Location accuracy
Effigy Mounds National Monument (IA),Mounds + effigies,43.0888,-91.1856,,1: original 34 sites,coordinates as listed
Lizard Mound State Park (WI),Mounds + effigies,43.4633,-88.1392,,1: original 34 sites,coordinates as listed
Man Mound Park (WI),Mounds + effigies,43.4886,-89.6708,,1: original 34 sites,coordinates as listed
Kingsley Bend Indian Mounds (WI),Mounds + effigies,43.6014,-89.7114,,1: original 34 sites,coordinates as listed
Sheboygan Indian Mound Park (WI),Mounds + effigies,43.6958,-87.7189,,1: original 34 sites,coordinates as listed
"Burrows Park Effigy Mound, Madison (WI)",Mounds + effigies,43.1019,-89.3672,,1: original 34 sites,coordinates as listed
Governor Nelson State Park (WI),Mounds + effigies,43.135,-89.4364,,1: original 34 sites,coordinates as listed
Serpent Mound (OH),Mounds + effigies,39.0264,-83.4308,,1: original 34 sites,coordinates as listed
Devil's Lake State Park bird mound (WI),Mounds + effigies,,,"S5975 Park Rd, Baraboo, WI",1: original 34 sites,address (looked up when toured)
Mendota State Hospital Mound Group (WI),Mounds + effigies,,,"301 Troy Dr, Madison, WI",1: original 34 sites,address (looked up when toured)
High Cliff State Park (WI),Mounds + effigies,,,"N7630 State Park Rd, Sherwood, WI",1: original 34 sites,address (looked up when toured)
Wyalusing State Park (WI),Mounds + effigies,,,"Wyalusing State Park, Bagley, WI",1: original 34 sites,address (looked up when toured)
Whitewater Effigy Mounds Preserve (WI),Mounds + effigies,,,"288 S Indian Mound Pkwy, Whitewater, WI",1: original 34 sites,address (looked up when toured)
Aztalan State Park (WI),Mounds,43.0656,-88.8629,,1: original 34 sites,coordinates as listed
"Monks Mound, Cahokia (IL)",Mounds,38.6603,-90.0624,,1: original 34 sites,coordinates as listed
Moundville Archaeological Site (AL),Mounds,33.0047,-87.6311,,1: original 34 sites,coordinates as listed
Etowah Indian Mounds (GA),Mounds,34.1251,-84.8077,,1: original 34 sites,coordinates as listed
Ocmulgee Mounds NHP (GA),Mounds,32.8367,-83.6083,,1: original 34 sites,coordinates as listed
Kolomoki Mounds State Park (GA),Mounds,31.4686,-84.9485,,1: original 34 sites,coordinates as listed
Plum Bayou (Toltec) Mounds (AR),Mounds,34.6469,-92.0653,,1: original 34 sites,coordinates as listed
Poverty Point (LA),Mounds + effigies,32.6367,-91.4114,,1: original 34 sites,coordinates as listed
Grave Creek Mound (WV),Mounds,39.9169,-80.7446,,1: original 34 sites,coordinates as listed
Miamisburg Mound (OH),Mounds,39.6276,-84.2809,,1: original 34 sites,coordinates as listed
"Mound City Group, Hopewell Culture NHP (OH)",Mounds,39.3741,-83.0073,,1: original 34 sites,coordinates as listed
Pinson Mounds - Saul's Mound (TN),Mounds,35.4955,-88.6825,,1: original 34 sites,coordinates as listed
Shiloh Indian Mounds (TN),Mounds,35.1414,-88.3208,,1: original 34 sites,coordinates as listed
Town Creek Indian Mound (NC),Mounds,35.1824,-79.9298,,1: original 34 sites,coordinates as listed
Winterville Mounds (MS),Mounds,33.4858,-91.0611,,1: original 34 sites,coordinates as listed
Emerald Mound (MS),Mounds,31.6361,-91.2472,,1: original 34 sites,coordinates as listed
Angel Mounds (IN),Mounds,37.9425,-87.4572,,1: original 34 sites,coordinates as listed
Kincaid Mounds (IL),Mounds,37.0806,-88.4917,,1: original 34 sites,coordinates as listed
"Indian Mounds Regional Park, St. Paul (MN)",Mounds,44.9456,-93.0536,,1: original 34 sites,coordinates as listed
Oakville Indian Mounds Park (AL),Mounds,,,"1219 County Road 187, Danville, AL",1: original 34 sites,address (looked up when toured)
Florence Indian Mound (AL),Mounds,,,"110 W College St, Florence, AL",1: original 34 sites,address (looked up when toured)
"Panther Intaglio, Fort Atkinson (WI)",Effigies,42.9177,-88.8545,"Panther Intaglio, Fort Atkinson, Wisconsin",2: 104 more sites,approximate (refined by name lookup when toured)
"Observatory Hill Mounds, UW-Madison (WI)",Effigies,43.076,-89.4085,"Observatory Hill, Madison, Wisconsin",2: 104 more sites,approximate (refined by name lookup when toured)
"Picnic Point Mounds, UW-Madison (WI)",Mounds,43.089,-89.417,"Picnic Point, Madison, Wisconsin",2: 104 more sites,approximate (refined by name lookup when toured)
"Eagle Heights Mounds, UW-Madison (WI)",Mounds + effigies,43.088,-89.43,"Eagle Heights Woods, Madison, Wisconsin",2: 104 more sites,approximate (refined by name lookup when toured)
"UW Arboretum Mounds, Madison (WI)",Mounds + effigies,43.045,-89.43,"University of Wisconsin Arboretum, Madison",2: 104 more sites,approximate (refined by name lookup when toured)
"Vilas Park Effigy Mounds, Madison (WI)",Effigies,43.059,-89.413,"Vilas Park, Madison, Wisconsin",2: 104 more sites,approximate (refined by name lookup when toured)
"Forest Hill Cemetery Mounds, Madison (WI)",Effigies,43.063,-89.429,"Forest Hill Cemetery, Madison, Wisconsin",2: 104 more sites,approximate (refined by name lookup when toured)
"Edgewood College Mound Group, Madison (WI)",Mounds + effigies,43.058,-89.42,"Edgewood College, Madison, Wisconsin",2: 104 more sites,approximate (refined by name lookup when toured)
"Elmside Circle Park Mounds, Madison (WI)",Effigies,43.09,-89.346,"Elmside Circle Park, Madison, Wisconsin",2: 104 more sites,approximate (refined by name lookup when toured)
"Hudson Park Lynx Effigy, Madison (WI)",Effigies,43.0893,-89.35,"Hudson Park, Madison, Wisconsin",2: 104 more sites,approximate (refined by name lookup when toured)
"Pheasant Branch Conservancy Mounds, Middleton (WI)",Mounds + effigies,43.118,-89.495,"Pheasant Branch Conservancy, Middleton, Wisconsin",2: 104 more sites,approximate (refined by name lookup when toured)
Lake Kegonsa State Park Mounds (WI),Mounds + effigies,42.975,-89.235,"Lake Kegonsa State Park, Wisconsin",2: 104 more sites,approximate (refined by name lookup when toured)
"Cutler Park Mounds, Waukesha (WI)",Mounds,43.013,-88.233,"Cutler Park, Waukesha, Wisconsin",2: 104 more sites,approximate (refined by name lookup when toured)
Nelson Dewey State Park Mounds (WI),Mounds + effigies,42.737,-91.023,"Nelson Dewey State Park, Wisconsin",2: 104 more sites,approximate (refined by name lookup when toured)
Perrot State Park Mounds (WI),Mounds + effigies,44.015,-91.475,"Perrot State Park, Wisconsin",2: 104 more sites,approximate (refined by name lookup when toured)
"Trempealeau Platform Mounds, Little Bluff (WI)",Mounds,44.005,-91.44,"Little Bluff, Trempealeau, Wisconsin",2: 104 more sites,approximate (refined by name lookup when toured)
Muscoda Mounds (WI),Effigies,43.195,-90.44,"Muscoda Mounds, Wisconsin",2: 104 more sites,approximate (refined by name lookup when toured)
Calumet County Park Effigy Mounds (WI),Effigies,44.1,-88.3,"Calumet County Park, Wisconsin",2: 104 more sites,approximate (refined by name lookup when toured)
"Marching Bear Group, Effigy Mounds NM (IA)",Effigies,43.054,-91.182,"Marching Bear Group, Iowa",2: 104 more sites,approximate (refined by name lookup when toured)
"Great Bear Mound Group, Effigy Mounds NM (IA)",Effigies,43.101,-91.179,"Great Bear Mound Group, Iowa",2: 104 more sites,approximate (refined by name lookup when toured)
"Sny Magill Unit, Effigy Mounds NM (IA)",Mounds + effigies,42.938,-91.164,"Sny Magill Mound Group, Iowa",2: 104 more sites,approximate (refined by name lookup when toured)
Pikes Peak State Park Mounds (IA),Effigies,42.997,-91.164,"Pikes Peak State Park, Iowa",2: 104 more sites,approximate (refined by name lookup when toured)
Toolesboro Indian Mounds (IA),Mounds,41.149,-91.046,"Toolesboro Mounds, Iowa",2: 104 more sites,approximate (refined by name lookup when toured)
Fish Farm Mounds State Preserve (IA),Mounds,43.478,-91.29,"Fish Farm Mounds, Iowa",2: 104 more sites,approximate (refined by name lookup when toured)
Turkey River Mounds State Preserve (IA),Mounds + effigies,42.712,-91.04,"Turkey River Mounds, Iowa",2: 104 more sites,approximate (refined by name lookup when toured)
Malchow Mounds State Preserve (IA),Mounds,41.035,-91.07,"Malchow Mounds, Iowa",2: 104 more sites,approximate (refined by name lookup when toured)
Slinde Mounds State Preserve (IA),Mounds,43.44,-91.35,"Slinde Mounds, Iowa",2: 104 more sites,approximate (refined by name lookup when toured)
"Mines of Spain Mounds, Dubuque (IA)",Mounds,42.46,-90.64,"Mines of Spain State Recreation Area, Iowa",2: 104 more sites,approximate (refined by name lookup when toured)
"Grand Mound, Laurel (MN)",Mounds,48.515,-93.715,"Grand Mound, Minnesota",2: 104 more sites,approximate (refined by name lookup when toured)
Cahokia Twin Mounds (IL),Mounds,38.6575,-90.0618,"Twin Mounds, Cahokia Mounds, Illinois",2: 104 more sites,approximate (refined by name lookup when toured)
Cahokia Woodhenge area (IL),Mounds,38.659,-90.075,"Woodhenge, Cahokia Mounds, Illinois",2: 104 more sites,approximate (refined by name lookup when toured)
Cahokia Rattlesnake Mound (IL),Mounds,38.647,-90.064,"Rattlesnake Mound, Cahokia, Illinois",2: 104 more sites,approximate (refined by name lookup when toured)
Dickson Mounds (IL),Mounds,40.352,-90.092,"Dickson Mounds Museum, Illinois",2: 104 more sites,approximate (refined by name lookup when toured)
Albany Mounds State Historic Site (IL),Mounds,41.782,-90.219,"Albany Mounds, Illinois",2: 104 more sites,approximate (refined by name lookup when toured)
"Beattie Park Mounds, Rockford (IL)",Mounds + effigies,42.274,-89.093,"Beattie Park, Rockford, Illinois",2: 104 more sites,approximate (refined by name lookup when toured)
"Briscoe Mounds, Channahon (IL)",Mounds,41.423,-88.237,"Briscoe Mounds, Channahon, Illinois",2: 104 more sites,approximate (refined by name lookup when toured)
"Indian Mounds Park, Quincy (IL)",Mounds,39.916,-91.388,"Indian Mounds Park, Quincy, Illinois",2: 104 more sites,approximate (refined by name lookup when toured)
"Sinnissippi Mounds, Sterling (IL)",Mounds + effigies,41.783,-89.675,"Sinnissippi Mounds, Sterling, Illinois",2: 104 more sites,approximate (refined by name lookup when toured)
Hopewell Mound Group (OH),Mounds,39.36,-83.087,"Hopewell Mound Group, Ohio",2: 104 more sites,approximate (refined by name lookup when toured)
Seip Earthworks (OH),Mounds,39.239,-83.22,"Seip Earthworks, Ohio",2: 104 more sites,approximate (refined by name lookup when toured)
Hopeton Earthworks (OH),Mounds + effigies,39.383,-82.995,"Hopeton Earthworks, Ohio",2: 104 more sites,approximate (refined by name lookup when toured)
High Bank Works (OH),Mounds + effigies,39.309,-82.936,"High Bank Works, Ohio",2: 104 more sites,approximate (refined by name lookup when toured)
Newark Great Circle Earthworks (OH),Mounds + effigies,40.041,-82.445,"Great Circle Earthworks, Newark, Ohio",2: 104 more sites,approximate (refined by name lookup when toured)
Newark Octagon Earthworks (OH),Mounds + effigies,40.055,-82.444,"Octagon Earthworks, Newark, Ohio",2: 104 more sites,approximate (refined by name lookup when toured)
Fort Ancient Earthworks (OH),Mounds + effigies,39.402,-84.09,"Fort Ancient, Ohio",2: 104 more sites,approximate (refined by name lookup when toured)
Fort Hill Earthworks (OH),Mounds + effigies,39.12,-83.398,"Fort Hill Earthworks, Ohio",2: 104 more sites,approximate (refined by name lookup when toured)
"Alligator Mound, Granville (OH)",Effigies,40.069,-82.503,"Alligator Mound, Granville, Ohio",2: 104 more sites,approximate (refined by name lookup when toured)
Tarlton Cross Mound (OH),Effigies,39.556,-82.773,"Tarlton Cross Mound, Ohio",2: 104 more sites,approximate (refined by name lookup when toured)
"Junction Group Earthworks, Chillicothe (OH)",Mounds + effigies,39.306,-83.02,"Junction Group, Chillicothe, Ohio",2: 104 more sites,approximate (refined by name lookup when toured)
"Story Mound, Chillicothe (OH)",Mounds,39.329,-82.987,"Story Mound, Chillicothe, Ohio",2: 104 more sites,approximate (refined by name lookup when toured)
"Mound Cemetery (Conus), Marietta (OH)",Mounds,39.417,-81.453,"Mound Cemetery, Marietta, Ohio",2: 104 more sites,approximate (refined by name lookup when toured)
"Marietta Earthworks, Quadranaou (OH)",Mounds,39.422,-81.458,"Quadranaou, Marietta, Ohio",2: 104 more sites,approximate (refined by name lookup when toured)
Enon Mound (OH),Mounds,39.879,-83.937,"Enon Mound, Ohio",2: 104 more sites,approximate (refined by name lookup when toured)
"Shrum Mound, Columbus (OH)",Mounds,39.9985,-83.07,"Shrum Mound, Columbus, Ohio",2: 104 more sites,approximate (refined by name lookup when toured)
"Campbell Mound, Columbus (OH)",Mounds,40.017,-83.095,"Campbell Mound, Columbus, Ohio",2: 104 more sites,approximate (refined by name lookup when toured)
Highbanks Metro Park Mounds (OH),Mounds,40.15,-83.03,"Highbanks Metro Park, Ohio",2: 104 more sites,approximate (refined by name lookup when toured)
"Indian Mound Reserve (Williamson Mound), Cedarville (OH)",Mounds,39.732,-83.836,"Indian Mound Reserve, Cedarville, Ohio",2: 104 more sites,approximate (refined by name lookup when toured)
"Orators Mound, Glen Helen (OH)",Mounds,39.807,-83.885,"Orators Mound, Yellow Springs, Ohio",2: 104 more sites,approximate (refined by name lookup when toured)
"Miami Fort, Shawnee Lookout (OH)",Mounds + effigies,39.105,-84.818,"Shawnee Lookout Park, Ohio",2: 104 more sites,approximate (refined by name lookup when toured)
Piketon Mounds (OH),Mounds,39.059,-83.01,"Piketon Mounds, Ohio",2: 104 more sites,approximate (refined by name lookup when toured)
"Mounds State Park, Great Mound (IN)",Mounds + effigies,40.097,-85.619,"Mounds State Park, Anderson, Indiana",2: 104 more sites,approximate (refined by name lookup when toured)
New Castle Earthworks (IN),Mounds,39.94,-85.39,"New Castle Earthworks, Indiana",2: 104 more sites,approximate (refined by name lookup when toured)
"Sonotabac Mound, Vincennes (IN)",Mounds,38.664,-87.509,"Sonotabac Mound, Vincennes, Indiana",2: 104 more sites,approximate (refined by name lookup when toured)
Wickliffe Mounds (KY),Mounds,36.97,-89.089,"Wickliffe Mounds, Kentucky",2: 104 more sites,approximate (refined by name lookup when toured)
"Central Park Mounds, Ashland (KY)",Mounds,38.473,-82.638,"Central Park, Ashland, Kentucky",2: 104 more sites,approximate (refined by name lookup when toured)
"Chucalissa (C.H. Nash Museum), Memphis (TN)",Mounds,35.063,-90.131,"Chucalissa, Memphis, Tennessee",2: 104 more sites,approximate (refined by name lookup when toured)
Old Stone Fort (TN),Mounds + effigies,35.486,-86.102,"Old Stone Fort State Archaeological Park, Tennessee",2: 104 more sites,approximate (refined by name lookup when toured)
Mound Bottom (TN),Mounds,36.124,-87.154,"Mound Bottom, Tennessee",2: 104 more sites,approximate (refined by name lookup when toured)
Castalian Springs Mound (TN),Mounds,36.397,-86.32,"Castalian Springs Mound, Tennessee",2: 104 more sites,approximate (refined by name lookup when toured)
"Chickasaw Heritage Park, Memphis (TN)",Mounds,35.104,-90.079,"Chickasaw Heritage Park, Memphis, Tennessee",2: 104 more sites,approximate (refined by name lookup when toured)
Pinson Mounds - Ozier & Twin Mounds (TN),Mounds,35.49,-88.673,"Pinson Mounds, Tennessee",2: 104 more sites,approximate (refined by name lookup when toured)
Rock Eagle Effigy Mound (GA),Effigies,33.427,-83.387,"Rock Eagle Effigy Mound, Georgia",2: 104 more sites,approximate (refined by name lookup when toured)
Rock Hawk Effigy (GA),Effigies,33.428,-83.237,"Rock Hawk Effigy, Georgia",2: 104 more sites,approximate (refined by name lookup when toured)
Nacoochee Mound (GA),Mounds,34.683,-83.712,"Nacoochee Mound, Georgia",2: 104 more sites,approximate (refined by name lookup when toured)
"Lamar Mounds, Ocmulgee (GA)",Mounds,32.793,-83.6,"Lamar Mounds, Macon, Georgia",2: 104 more sites,approximate (refined by name lookup when toured)
Grand Village of the Natchez (MS),Mounds,31.536,-91.387,"Grand Village of the Natchez, Mississippi",2: 104 more sites,approximate (refined by name lookup when toured)
Pocahontas Mound (MS),Mounds,32.487,-90.322,"Pocahontas Mound, Mississippi",2: 104 more sites,approximate (refined by name lookup when toured)
"Bynum Mounds, Natchez Trace (MS)",Mounds,33.984,-88.995,"Bynum Mounds, Mississippi",2: 104 more sites,approximate (refined by name lookup when toured)
"Pharr Mounds, Natchez Trace (MS)",Mounds,34.476,-88.535,"Pharr Mounds, Mississippi",2: 104 more sites,approximate (refined by name lookup when toured)
Owl Creek Mounds (MS),Mounds,34.026,-88.93,"Owl Creek Mounds, Mississippi",2: 104 more sites,approximate (refined by name lookup when toured)
"Boyd Mounds, Natchez Trace (MS)",Mounds,32.668,-89.928,"Boyd Mounds, Mississippi",2: 104 more sites,approximate (refined by name lookup when toured)
"Mangum Mound, Natchez Trace (MS)",Mounds,31.974,-90.927,"Mangum Mound, Mississippi",2: 104 more sites,approximate (refined by name lookup when toured)
Batesville Mounds (MS),Mounds,34.3,-89.965,"Batesville Mounds, Mississippi",2: 104 more sites,approximate (refined by name lookup when toured)
Marksville Prehistoric Indian Site (LA),Mounds,31.117,-92.06,"Marksville State Historic Site, Louisiana",2: 104 more sites,approximate (refined by name lookup when toured)
LSU Campus Mounds (LA),Mounds,30.414,-91.18,"LSU Campus Mounds, Baton Rouge, Louisiana",2: 104 more sites,approximate (refined by name lookup when toured)
Parkin Archeological State Park (AR),Mounds,35.277,-90.555,"Parkin Archeological State Park, Arkansas",2: 104 more sites,approximate (refined by name lookup when toured)
Spiro Mounds (OK),Mounds,35.311,-94.57,"Spiro Mounds, Oklahoma",2: 104 more sites,approximate (refined by name lookup when toured)
Caddo Mounds State Historic Site (TX),Mounds,31.594,-95.149,"Caddo Mounds State Historic Site, Texas",2: 104 more sites,approximate (refined by name lookup when toured)
Towosahgy State Historic Site (MO),Mounds,36.693,-89.26,"Towosahgy State Historic Site, Missouri",2: 104 more sites,approximate (refined by name lookup when toured)
"Sugarloaf Mound, St. Louis (MO)",Mounds,38.563,-90.233,"Sugarloaf Mound, St. Louis, Missouri",2: 104 more sites,approximate (refined by name lookup when toured)
Crystal River Archaeological State Park (FL),Mounds + shell middens,28.908,-82.638,"Crystal River Archaeological State Park, Florida",2: 104 more sites,approximate (refined by name lookup when toured)
Lake Jackson Mounds (FL),Mounds,30.5,-84.31,"Lake Jackson Mounds Archaeological State Park, Florida",2: 104 more sites,approximate (refined by name lookup when toured)
Letchworth-Love Mounds (FL),Mounds,30.518,-83.994,"Letchworth-Love Mounds, Florida",2: 104 more sites,approximate (refined by name lookup when toured)
Fort Walton Mound (FL),Mounds,30.406,-86.61,"Fort Walton Mound, Fort Walton Beach, Florida",2: 104 more sites,approximate (refined by name lookup when toured)
"Safety Harbor Mound, Philippe Park (FL)",Mounds + shell middens,28.003,-82.673,"Philippe Park, Safety Harbor, Florida",2: 104 more sites,approximate (refined by name lookup when toured)
Madira Bickel Mound (FL),Mounds + shell middens,27.588,-82.622,"Madira Bickel Mound, Florida",2: 104 more sites,approximate (refined by name lookup when toured)
"Portavant Mound, Emerson Point (FL)",Mounds + shell middens,27.531,-82.626,"Emerson Point Preserve, Palmetto, Florida",2: 104 more sites,approximate (refined by name lookup when toured)
"Turtle Mound, Canaveral NS (FL)",Shell middens,28.93,-80.827,"Turtle Mound, Florida",2: 104 more sites,approximate (refined by name lookup when toured)
Mound Key (FL),Shell middens,26.422,-81.864,"Mound Key, Florida",2: 104 more sites,approximate (refined by name lookup when toured)
Ortona Indian Mound Park (FL),Mounds,26.787,-81.309,"Ortona Indian Mound Park, Florida",2: 104 more sites,approximate (refined by name lookup when toured)
"Shell Mound, Cedar Keys (FL)",Shell middens,29.204,-83.064,"Shell Mound, Cedar Key, Florida",2: 104 more sites,approximate (refined by name lookup when toured)
"Santee Indian Mound, Fort Watson (SC)",Mounds,33.537,-80.438,"Santee Indian Mound, South Carolina",2: 104 more sites,approximate (refined by name lookup when toured)
"Nikwasi Mound, Franklin (NC)",Mounds,35.185,-83.378,"Nikwasi Mound, Franklin, North Carolina",2: 104 more sites,approximate (refined by name lookup when toured)
"Criel Mound, South Charleston (WV)",Mounds,38.367,-81.704,"Criel Mound, South Charleston, West Virginia",2: 104 more sites,approximate (refined by name lookup when toured)
Sapelo Shell Ring Complex (GA),Shell middens,31.524,-81.265,"Sapelo Shell Ring, Georgia",3: 18 shell middens and rings,approximate (refined by name lookup when toured)
Fig Island Shell Rings (SC),Shell middens,32.565,-80.333,"Fig Island Shell Rings, South Carolina",3: 18 shell middens and rings,approximate (refined by name lookup when toured)
Sewee Shell Ring (SC),Shell middens,32.979,-79.643,"Sewee Shell Ring, South Carolina",3: 18 shell middens and rings,approximate (refined by name lookup when toured)
"Sea Pines Shell Ring, Hilton Head (SC)",Shell middens,32.151,-80.776,"Sea Pines Shell Ring, Hilton Head Island",3: 18 shell middens and rings,approximate (refined by name lookup when toured)
"Green's Shell Enclosure, Hilton Head (SC)",Shell middens,32.215,-80.683,"Green's Shell Enclosure, Hilton Head Island",3: 18 shell middens and rings,approximate (refined by name lookup when toured)
"Spanish Mount, Edisto Beach State Park (SC)",Shell middens,32.528,-80.312,"Spanish Mount, Edisto Beach State Park",3: 18 shell middens and rings,approximate (refined by name lookup when toured)
"Rollins Shell Ring, Fort George Island (FL)",Shell middens,30.44,-81.435,"Rollins Shell Ring, Fort George Island, Florida",3: 18 shell middens and rings,approximate (refined by name lookup when toured)
"Pineland Site, Randell Research Center (FL)",Shell middens,26.661,-82.153,"Randell Research Center, Pineland, Florida",3: 18 shell middens and rings,approximate (refined by name lookup when toured)
Josslyn Island (FL),Shell middens,26.638,-82.108,"Josslyn Island, Florida",3: 18 shell middens and rings,approximate (refined by name lookup when toured)
Hontoon Island State Park shell mounds (FL),Shell middens,28.973,-81.357,"Hontoon Island State Park, Florida",3: 18 shell middens and rings,approximate (refined by name lookup when toured)
Blue Spring State Park shell midden (FL),Shell middens,28.946,-81.34,"Blue Spring State Park, Florida",3: 18 shell middens and rings,approximate (refined by name lookup when toured)
"Tomoka State Park, Nocoroco (FL)",Shell middens,29.342,-81.088,"Tomoka State Park, Florida",3: 18 shell middens and rings,approximate (refined by name lookup when toured)
"Castle Windy Midden, Canaveral NS (FL)",Shell middens,28.894,-80.809,"Castle Windy, Canaveral National Seashore",3: 18 shell middens and rings,approximate (refined by name lookup when toured)
"Ross Hammock, Canaveral NS (FL)",Shell middens,28.833,-80.802,"Ross Hammock, Canaveral National Seashore",3: 18 shell middens and rings,approximate (refined by name lookup when toured)
De Soto National Memorial shell midden (FL),Shell middens,27.523,-82.643,"De Soto National Memorial, Florida",3: 18 shell middens and rings,approximate (refined by name lookup when toured)
"Indian Shell Mound Park, Dauphin Island (AL)",Shell middens,30.254,-88.104,"Indian Shell Mound Park, Dauphin Island, Alabama",3: 18 shell middens and rings,approximate (refined by name lookup when toured)
"Whaleback Shell Midden, Damariscotta (ME)",Shell middens,44.044,-69.534,"Whaleback Shell Midden, Damariscotta, Maine",3: 18 shell middens and rings,approximate (refined by name lookup when toured)
Coyote Hills Regional Park shell mound (CA),Shell middens,37.552,-122.092,"Coyote Hills Regional Park, Fremont, California",3: 18 shell middens and rings,approximate (refined by name lookup when toured)
