Name,Kind,Latitude,Longitude,Address or lookup name,Location accuracy,Source
Bottle Creek Mounds (AL),Mounds,30.99556,-87.93750,,USGS place-names (GNIS) position of the named mound,USGS GNIS feature 2491777
Lamberths Mound (AL),Mounds,32.61986,-87.84918,,USGS place-names (GNIS) position of the named mound,USGS GNIS feature 132607
"Taskigi Mound, Fort Toulouse-Fort Jackson Park (AL)",Mounds,32.50402,-86.25858,,USGS place-names (GNIS) position of the named mound,USGS GNIS feature 154699
"Copena Mound, Athens (AL)",Mounds,34.77799,-87.22091,,historical marker position (mound usually in view; use the 1000 m size),HMdb marker 154232
Collinsville Indian Mound (AL),Mounds,34.26510,-85.86280,,historical marker position (mound usually in view; use the 1000 m size),HMdb marker 62366
"Choccolocco Creek Mounds, Oxford (AL)",Mounds,33.60324,-85.79128,,historical marker position (mound usually in view; use the 1000 m size),HMdb marker 144926
Omussee Creek Mound (AL),Mounds,31.27648,-85.11672,,historical marker position (mound usually in view; use the 1000 m size),HMdb marker 115032
Old Cahawba Mound (AL),Mounds,32.31729,-87.09657,,historical marker position (mound usually in view; use the 1000 m size),HMdb marker 150834
Chickasawba Mound (AR),Mounds,35.93173,-89.93064,,USGS place-names (GNIS) position of the named mound,USGS GNIS feature 61914
Miller Mound (AR),Mounds,35.51342,-90.45260,,USGS place-names (GNIS) position of the named mound,USGS GNIS feature 58186
Menard-Hodges Mounds (AR),Mounds,33.98889,-91.21528,,USGS place-names (GNIS) position of the named mound,USGS GNIS feature 2489180
Boones Mound (AR),Mounds,33.37957,-92.57099,,USGS place-names (GNIS) position of the named mound,USGS GNIS feature 75303
Big Mound City earthworks (FL),Mounds,26.87478,-80.47755,,USGS place-names (GNIS) position of the named mound,USGS GNIS feature 307441
Caloosa Indian Mound (FL),Mounds,27.29644,-82.26342,,USGS place-names (GNIS) position of the named mound,USGS GNIS feature 279848
"Palmer-Taylor Mound, Canaveral NS (FL)",Mounds,28.69805,-81.03478,,USGS place-names (GNIS) position of the named mound,USGS GNIS feature 288427
Carter-Fuller Mound Complex (FL),Mounds,28.38138,-80.60880,,historical marker position (mound usually in view; use the 1000 m size),HMdb marker 101390
Chattahoochee Landing Mound Group (FL),Mounds,30.70072,-84.85673,,historical marker position (mound usually in view; use the 1000 m size),HMdb marker 110893
Frostproof Indian Burial Mound (FL),Mounds,27.74620,-81.52789,,historical marker position (mound usually in view; use the 1000 m size),HMdb marker 112128
Pompano Beach Indian Mound (FL),Mounds,26.22184,-80.09268,,historical marker position (mound usually in view; use the 1000 m size),HMdb marker 100403
Ormond Indian Burial Mound (FL),Mounds,29.28021,-81.05321,,historical marker position (mound usually in view; use the 1000 m size),HMdb marker 157045
Dogtooth Bend Mounds (IL),Mounds,37.06393,-89.33479,,USGS place-names (GNIS) position of the named mound,USGS GNIS feature 1808561
"Emerald Mound (Emerald Acropolis), Lebanon (IL)",Mounds,38.63060,-89.78454,,USGS place-names (GNIS) position of the named mound,USGS GNIS feature 426331
"Indian Mound, Jasper County (IL)",Mounds,38.90226,-88.05642,,USGS place-names (GNIS) position of the named mound,USGS GNIS feature 410869
"Indian Mound, Crawford County (IL)",Mounds,38.98032,-87.61530,,USGS place-names (GNIS) position of the named mound,USGS GNIS feature 410870
Lone Tree Indian Mound (IL),Mounds,38.90866,-90.52317,,USGS place-names (GNIS) position of the named mound,USGS GNIS feature 412545
Winfield Mounds Forest Preserve (IL),Mounds,41.88475,-88.16368,,USGS place-names (GNIS) position of the named mound,USGS GNIS feature 1772046
Fairplay Mound (IN),Mounds,39.06108,-86.98504,,USGS place-names (GNIS) position of the named mound,USGS GNIS feature 449058
"Indian Mound, Ripley County (IN)",Mounds,38.78450,-85.26134,,USGS place-names (GNIS) position of the named mound,USGS GNIS feature 436775
"Mounds State Recreation Area, Brookville Lake (IN)",Mounds,39.49255,-84.96663,,USGS place-names (GNIS) position of the named mound,USGS GNIS feature 446860
Wiley Indian Mound (IN),Mounds,39.49584,-85.20197,,USGS place-names (GNIS) position of the named mound,USGS GNIS feature 446031
Little Maquoketa River Mounds State Preserve (IA),Mounds,42.56611,-90.70846,,USGS place-names (GNIS) position of the named mound,USGS GNIS feature 2001088
Woodland Mounds State Preserve (IA),Mounds,41.35555,-93.43355,,USGS place-names (GNIS) position of the named mound,USGS GNIS feature 1969867
"Indian Mound, Fulton County (KY)",Mounds,36.57589,-89.31979,,USGS place-names (GNIS) position of the named mound,USGS GNIS feature 494978
"Indian Mound, Montgomery County (KY)",Mounds,38.07604,-84.12793,,USGS place-names (GNIS) position of the named mound,USGS GNIS feature 2508452
"Gaitskill Mound, Mount Sterling (KY)",Mounds,38.07330,-83.95110,,historical marker position (mound usually in view; use the 1000 m size),HMdb marker 73886
Winchester earthwork (KY),Mounds,37.88934,-84.25857,,historical marker position (mound usually in view; use the 1000 m size),HMdb marker 74476
Alexander Mound (LA),Mounds,31.82315,-91.81551,,historical marker position (mound usually in view; use the 1000 m size),HMdb marker 121568
Balmoral Mounds (LA),Mounds,32.13195,-91.24067,,historical marker position (mound usually in view; use the 1000 m size),HMdb marker 51633
Bayou Sorrel Indian Mound (LA),Mounds,30.16657,-91.35110,,historical marker position (mound usually in view; use the 1000 m size),HMdb marker 121179
Boothe Landing Mound (LA),Mounds,31.86630,-91.79291,,historical marker position (mound usually in view; use the 1000 m size),HMdb marker 120872
"Ceremonial Indian Mound, Baton Rouge (LA)",Mounds,30.45829,-91.18490,,historical marker position (mound usually in view; use the 1000 m size),HMdb marker 87446
Crooks Mound (LA),Mounds,31.52672,-92.01708,,historical marker position (mound usually in view; use the 1000 m size),HMdb marker 120190
Cypress Grove Mound (LA),Mounds,31.68227,-91.67564,,historical marker position (mound usually in view; use the 1000 m size),HMdb marker 103806
DePrato Mounds (LA),Mounds,31.62652,-91.57651,,historical marker position (mound usually in view; use the 1000 m size),HMdb marker 103756
Filhiol Mound (LA),Mounds,32.34011,-92.09422,,historical marker position (mound usually in view; use the 1000 m size),HMdb marker 150313
Fitzhugh Mounds (LA),Mounds,32.32078,-91.08037,,historical marker position (mound usually in view; use the 1000 m size),HMdb marker 89061
Flowery Mound (LA),Mounds,31.94079,-91.27127,,historical marker position (mound usually in view; use the 1000 m size),HMdb marker 119546
Frogmore Mound (LA),Mounds,31.60444,-91.67111,,historical marker position (mound usually in view; use the 1000 m size),HMdb marker 10581
Ghost Site Mounds (LA),Mounds,32.09289,-91.45045,,historical marker position (mound usually in view; use the 1000 m size),HMdb marker 120435
Harrisonburg Mounds (LA),Mounds,31.76844,-91.82603,,historical marker position (mound usually in view; use the 1000 m size),HMdb marker 103763
Insley Mounds (LA),Mounds,32.38755,-91.47802,,historical marker position (mound usually in view; use the 1000 m size),HMdb marker 121224
Julice Mound (LA),Mounds,32.68876,-91.21734,,historical marker position (mound usually in view; use the 1000 m size),HMdb marker 89788
Lamarque Landing Mound (LA),Mounds,31.72590,-91.64718,,historical marker position (mound usually in view; use the 1000 m size),HMdb marker 103810
Livonia Mounds (LA),Mounds,30.56312,-91.55284,,historical marker position (mound usually in view; use the 1000 m size),HMdb marker 112094
"Lower Jackson Mound, Poverty Point (LA)",Mounds,32.61912,-91.41046,,historical marker position (mound usually in view; use the 1000 m size),HMdb marker 109313
Marksville Mounds (east) (LA),Mounds,31.12515,-92.04992,,historical marker position (mound usually in view; use the 1000 m size),HMdb marker 97726
Marsden Mounds (LA),Mounds,32.48636,-91.49165,,historical marker position (mound usually in view; use the 1000 m size),HMdb marker 105218
Mayflower Mound (LA),Mounds,31.96803,-91.39406,,historical marker position (mound usually in view; use the 1000 m size),HMdb marker 120580
McGuffee Mounds (LA),Mounds,31.75248,-91.82988,,historical marker position (mound usually in view; use the 1000 m size),HMdb marker 104674
Peck Mounds (LA),Mounds,31.82525,-91.65120,,historical marker position (mound usually in view; use the 1000 m size),HMdb marker 87166
Routon Mounds (LA),Mounds,31.70391,-91.80564,,historical marker position (mound usually in view; use the 1000 m size),HMdb marker 103811
Schicker Mound (LA),Mounds,32.40011,-91.19273,,historical marker position (mound usually in view; use the 1000 m size),HMdb marker 89795
Scott Place Mounds (LA),Mounds,32.77417,-92.44427,,historical marker position (mound usually in view; use the 1000 m size),HMdb marker 121225
Sundown Mounds (LA),Mounds,31.93467,-91.41932,,historical marker position (mound usually in view; use the 1000 m size),HMdb marker 120384
Tendal Mound (LA),Mounds,32.43224,-91.36801,,historical marker position (mound usually in view; use the 1000 m size),HMdb marker 89040
Tew Lake Mounds (LA),Mounds,31.70950,-91.82241,,historical marker position (mound usually in view; use the 1000 m size),HMdb marker 103782
Transylvania Mounds (LA),Mounds,32.68670,-91.20171,,historical marker position (mound usually in view; use the 1000 m size),HMdb marker 89789
Troyville Earthworks (LA),Mounds,31.62718,-91.81561,,historical marker position (mound usually in view; use the 1000 m size),HMdb marker 103774
Wade Landing Mound (LA),Mounds,32.07562,-92.01986,,historical marker position (mound usually in view; use the 1000 m size),HMdb marker 120507
"Indian Mound, Webster Parish (LA)",Mounds,32.51654,-93.33989,,USGS place-names (GNIS) position of the named mound,USGS GNIS feature 540963
"Indian Mound, Livingston Parish (LA)",Mounds,30.29511,-90.75527,,USGS place-names (GNIS) position of the named mound,USGS GNIS feature 543330
"Pargoud Indian Mound, Monroe (LA)",Mounds,32.54658,-92.12485,,USGS place-names (GNIS) position of the named mound,USGS GNIS feature 548524
Rose Mound (LA),Mounds,30.38248,-90.56643,,USGS place-names (GNIS) position of the named mound,USGS GNIS feature 543628
"Norton Mounds (Hopewell Indian Mounds Park), Grand Rapids (MI)",Mounds,42.93475,-85.72503,,USGS place-names (GNIS) position of the named mound,USGS GNIS feature 628572
"Indian Mound, Menominee County (MI)",Mounds,45.10943,-87.65955,,USGS place-names (GNIS) position of the named mound,USGS GNIS feature 629009
"Indian Mound Park, Isabella County (MI)",Mounds,43.52503,-84.98724,,USGS place-names (GNIS) position of the named mound,USGS GNIS feature 629010
Sumnerville Mounds (MI),Mounds,41.91222,-86.20500,,USGS place-names (GNIS) position of the named mound,USGS GNIS feature 2402219
"Indian Mounds Park, Mille Lacs County (MN)",Mounds,45.96885,-93.29800,,USGS place-names (GNIS) position of the named mound,USGS GNIS feature 645418
"Indian Mounds Park, Pope County (MN)",Mounds,45.64306,-95.43611,,USGS place-names (GNIS) position of the named mound,USGS GNIS feature 2066871
Tipsinah Mounds Park (MN),Mounds,45.99833,-95.88667,,USGS place-names (GNIS) position of the named mound,USGS GNIS feature 2068449
"Green Lake Mounds, Spicer (MN)",Mounds,45.25688,-94.86613,,historical marker position (mound usually in view; use the 1000 m size),HMdb marker 78079
Aden Mounds (MS),Mounds,32.63735,-90.83760,,historical marker position (mound usually in view; use the 1000 m size),HMdb marker 154464
Bayou Pierre Mounds (MS),Mounds,31.98221,-91.00543,,historical marker position (mound usually in view; use the 1000 m size),HMdb marker 103785
"Bear Creek Mound, Natchez Trace (MS)",Mounds,34.64445,-88.13275,,historical marker position (mound usually in view; use the 1000 m size),HMdb marker 36061
Beaverdam Mounds (MS),Mounds,34.62745,-90.39421,,historical marker position (mound usually in view; use the 1000 m size),HMdb marker 116174
"Bynum Mounds, Natchez Trace (marker position) (MS)",Mounds,33.89818,-88.94862,,historical marker position (mound usually in view; use the 1000 m size),HMdb marker 84830
Carter Mounds (MS),Mounds,32.92440,-90.88145,,historical marker position (mound usually in view; use the 1000 m size),HMdb marker 157608
Cary Mounds (MS),Mounds,32.80351,-90.93139,,historical marker position (mound usually in view; use the 1000 m size),HMdb marker 157616
Dunn Mounds (MS),Mounds,34.21701,-90.47625,,historical marker position (mound usually in view; use the 1000 m size),HMdb marker 154827
Evansville Mounds (MS),Mounds,34.64069,-90.39239,,historical marker position (mound usually in view; use the 1000 m size),HMdb marker 116171
Foster Mounds (MS),Mounds,31.60015,-91.32850,,historical marker position (mound usually in view; use the 1000 m size),HMdb marker 105230
"Glass Mounds, Vicksburg (MS)",Mounds,32.22826,-90.92747,,historical marker position (mound usually in view; use the 1000 m size),HMdb marker 103780
Grace Mounds (MS),Mounds,32.98928,-90.96992,,historical marker position (mound usually in view; use the 1000 m size),HMdb marker 154734
Haynes Bluff Mound (MS),Mounds,32.52374,-90.77946,,historical marker position (mound usually in view; use the 1000 m size),HMdb marker 157536
Hollywood Mounds (MS),Mounds,34.77255,-90.37210,,historical marker position (mound usually in view; use the 1000 m size),HMdb marker 116166
Law Mounds (MS),Mounds,33.09553,-91.01543,,historical marker position (mound usually in view; use the 1000 m size),HMdb marker 154742
Lessley Mound (MS),Mounds,31.15823,-91.44024,,historical marker position (mound usually in view; use the 1000 m size),HMdb marker 96644
West Point Indian Burial Mound (MS),Mounds,33.57169,-88.65891,,historical marker position (mound usually in view; use the 1000 m size),HMdb marker 107534
Rolling Fork Mounds (MS),Mounds,32.89603,-90.87720,,historical marker position (mound usually in view; use the 1000 m size),HMdb marker 157533
Salomon Mounds (MS),Mounds,34.37696,-90.48927,,historical marker position (mound usually in view; use the 1000 m size),HMdb marker 107621
Smith Creek Mounds (MS),Mounds,31.14023,-91.51560,,historical marker position (mound usually in view; use the 1000 m size),HMdb marker 96735
Swan Lake Mounds (MS),Mounds,33.09846,-90.99669,,historical marker position (mound usually in view; use the 1000 m size),HMdb marker 154741
Windsor Mounds (MS),Mounds,31.94609,-91.12635,,historical marker position (mound usually in view; use the 1000 m size),HMdb marker 103783
Catledge Mounds (MS),Mounds,31.90877,-91.17511,,USGS place-names (GNIS) position of the named mound,USGS GNIS feature 686756
"Indian Mound, Clarke County (MS)",Mounds,31.97543,-88.54753,,USGS place-names (GNIS) position of the named mound,USGS GNIS feature 671695
Posey Mound (MS),Mounds,34.33455,-90.30148,,USGS place-names (GNIS) position of the named mound,USGS GNIS feature 676265
Prentiss Mound (MS),Mounds,33.29707,-90.62676,,USGS place-names (GNIS) position of the named mound,USGS GNIS feature 707761
Old Monroe Mounds (MO),Mounds,38.93283,-90.74624,,USGS place-names (GNIS) position of the named mound,USGS GNIS feature 735449
"Indian Mound, New Madrid County (MO)",Mounds,36.57200,-89.58841,,USGS place-names (GNIS) position of the named mound,USGS GNIS feature 730303
Henderson Mound (MO),Mounds,36.71172,-89.46869,,USGS place-names (GNIS) position of the named mound,USGS GNIS feature 731579
"Barnes Enclosure, Raytown (MO)",Mounds,38.99504,-94.48347,,historical marker position (mound usually in view; use the 1000 m size),HMdb marker 140275
Lewiston Mound (NY),Mounds,43.16652,-79.04450,,historical marker position (mound usually in view; use the 1000 m size),HMdb marker 155423
"Indian Mound, Union Springs (NY)",Mounds,42.81013,-76.70073,,historical marker position (mound usually in view; use the 1000 m size),HMdb marker 145840
"Spikebuck Mound, Hayesville (NC)",Mounds,35.04763,-83.80857,,historical marker position (mound usually in view; use the 1000 m size),HMdb marker 41949
McKees Rocks Mound (PA),Mounds,40.47300,-80.05158,,historical marker position (mound usually in view; use the 1000 m size),HMdb marker 40899
"The Mounds, Monongahela (PA)",Mounds,40.19857,-79.93255,,historical marker position (mound usually in view; use the 1000 m size),HMdb marker 45011
"Indian Mound, Ewing (VA)",Mounds,36.65367,-83.40072,,historical marker position (mound usually in view; use the 1000 m size),HMdb marker 44332
Burning Indian Mound (OH),Mounds,39.57538,-82.92471,,USGS place-names (GNIS) position of the named mound,USGS GNIS feature 1080581
"Indian Mounds Park, Franklin County (OH)",Mounds,39.88284,-82.99046,,USGS place-names (GNIS) position of the named mound,USGS GNIS feature 1041962
"Mound Cemetery Mound, Chester (OH)",Mounds,39.11341,-81.92319,,USGS place-names (GNIS) position of the named mound,USGS GNIS feature 1069689
"Mound Park (Horseshoe Mound), Portsmouth (OH)",Mounds,38.74369,-82.97684,,USGS place-names (GNIS) position of the named mound,USGS GNIS feature 1043522
Shawnee Indian Mound (OH),Mounds,39.64956,-84.24246,,USGS place-names (GNIS) position of the named mound,USGS GNIS feature 1066443
Tremper Mound (OH),Mounds,38.80139,-83.00990,,USGS place-names (GNIS) position of the named mound,USGS GNIS feature 1049250
Beam Farm Mound (OH),Mounds,39.50236,-83.70491,,historical marker position (mound usually in view; use the 1000 m size),HMdb marker 121070
"Dominion Land Company Mound, Columbus (OH)",Mounds,40.04644,-82.99977,,historical marker position (mound usually in view; use the 1000 m size),HMdb marker 108853
Edgington Mound (OH),Mounds,38.80330,-84.19210,,historical marker position (mound usually in view; use the 1000 m size),HMdb marker 99947
"Jeffers Mound, Worthington (OH)",Mounds,40.09206,-83.03940,,historical marker position (mound usually in view; use the 1000 m size),HMdb marker 12756
Nettle Lake Mound Group (OH),Mounds,41.68657,-84.73146,,historical marker position (mound usually in view; use the 1000 m size),HMdb marker 4010
"Porteous Mound, Coshocton (OH)",Mounds,40.23225,-81.86716,,historical marker position (mound usually in view; use the 1000 m size),HMdb marker 157909
Winameg Mounds (OH),Mounds,41.62125,-84.06738,,historical marker position (mound usually in view; use the 1000 m size),HMdb marker 101218
"Wright Earthworks, Newark (OH)",Mounds,40.04812,-82.42353,,historical marker position (mound usually in view; use the 1000 m size),HMdb marker 17485
Cowan Creek Circular Enclosure (OH),Mounds,39.39007,-83.91016,,National Register listed position,NRHP ref. 74001422
"Sherman Park Burial Mounds, Sioux Falls (SD)",Mounds + effigies,43.53452,-96.76212,,historical marker position (mound usually in view; use the 1000 m size),HMdb marker 139819
Boiling Springs (Fewkes) Mounds (TN),Mounds,35.96506,-86.77611,,USGS place-names (GNIS) position of the named mound,USGS GNIS feature 1312913
"Indian Mound, Warren County (TN)",Mounds,35.92618,-85.67776,,USGS place-names (GNIS) position of the named mound,USGS GNIS feature 1313972
"Glass Mounds, Franklin (TN)",Mounds,35.93533,-86.93475,,historical marker position (mound usually in view; use the 1000 m size),HMdb marker 151410
"McMahan Indian Mound, Sevierville (TN)",Mounds,35.86394,-83.56746,,historical marker position (mound usually in view; use the 1000 m size),HMdb marker 17194
"Washington Square Mound, Nacogdoches (TX)",Mounds,31.60644,-94.65078,,historical marker position (mound usually in view; use the 1000 m size),HMdb marker 21252
"Indian Mound Cemetery, Romney (WV)",Mounds,39.34305,-78.76590,,USGS place-names (GNIS) position of the named mound,USGS GNIS feature 1718701
"Adena Burial Mound, New Martinsville (WV)",Mounds,39.63936,-80.86655,,historical marker position (mound usually in view; use the 1000 m size),HMdb marker 64099
Dunbar Indian Mound (WV),Mounds,38.38003,-81.75915,,historical marker position (mound usually in view; use the 1000 m size),HMdb marker 81414
May Moore Mound (WV),Mounds,38.73933,-82.18258,,historical marker position (mound usually in view; use the 1000 m size),HMdb marker 125577
Copper Culture Mounds State Park (WI),Mounds,44.88805,-87.89899,,USGS place-names (GNIS) position of the named mound,USGS GNIS feature 1563391
Cranberry Creek Mound Group (WI),Mounds + effigies,44.16219,-90.06402,,USGS place-names (GNIS) position of the named mound,USGS GNIS feature 2057358
"Indian Mound Park, Rice Lake (WI)",Mounds,45.51301,-91.73184,,USGS place-names (GNIS) position of the named mound,USGS GNIS feature 1837951
"Indian Mound Park, McFarland (WI)",Mounds,43.00972,-89.29928,,USGS place-names (GNIS) position of the named mound,USGS GNIS feature 1842478
"Mound Park, Pierce County (WI)",Mounds,44.86552,-92.61825,,USGS place-names (GNIS) position of the named mound,USGS GNIS feature 1831675
"Blackhawk Country Club Mound Group, Shorewood Hills (WI)",Mounds + effigies,43.08042,-89.45958,,historical marker position (mound usually in view; use the 1000 m size),HMdb marker 57920
"Conical Mound, east Madison (WI)",Mounds,43.08027,-89.29375,,historical marker position (mound usually in view; use the 1000 m size),HMdb marker 33245
"Smith Park Effigy Mounds, Menasha (WI)",Mounds + effigies,44.19383,-88.44023,,historical marker position (mound usually in view; use the 1000 m size),HMdb marker 34399
"Indian Mounds and Village, Baraboo (WI)",Mounds + effigies,43.46587,-89.72757,,historical marker position (mound usually in view; use the 1000 m size),HMdb marker 65670
Lake Koshkonong Effigy Mounds (WI),Mounds + effigies,42.87530,-88.90858,,historical marker position (mound usually in view; use the 1000 m size),HMdb marker 31766
"Maney Ridge Effigy Mounds, Big Bend (WI)",Mounds + effigies,42.87008,-88.19786,,historical marker position (mound usually in view; use the 1000 m size),HMdb marker 43587
"Myrick Park Mounds, La Crosse (WI)",Mounds + effigies,43.82189,-91.22519,,historical marker position (mound usually in view; use the 1000 m size),HMdb marker 141968
"Lake Park Mound, Milwaukee (WI)",Mounds,43.07087,-87.87143,,historical marker position (mound usually in view; use the 1000 m size),HMdb marker 68031
Monona Mound (WI),Mounds,43.08228,-89.32466,,historical marker position (mound usually in view; use the 1000 m size),HMdb marker 153434
"Outlet Mound, Monona (WI)",Mounds,43.05183,-89.33476,,historical marker position (mound usually in view; use the 1000 m size),HMdb marker 19958
Whistler Mound Group and Enclosure (WI),Mounds + effigies,44.12759,-89.50163,,historical marker position (mound usually in view; use the 1000 m size),HMdb marker 18192
"Strong Partridge Mound Group, Beloit (WI)",Mounds,42.51913,-89.01046,,National Register listed position,NRHP ref. 94000057
Bamboo Mound (FL),Mounds,26.13590,-81.05962,,"USGS place-names (GNIS) position; Everglades/marsh mound: low and broad, review carefully",USGS GNIS feature 307434
Bear Lake Mound (FL),Mounds,25.17456,-80.93701,,"USGS place-names (GNIS) position; Everglades/marsh mound: low and broad, review carefully",USGS GNIS feature 278337
Camp Lonesome Mound (FL),Mounds,25.48817,-81.00007,,"USGS place-names (GNIS) position; Everglades/marsh mound: low and broad, review carefully",USGS GNIS feature 279916
East Hinson Indian Mounds (FL),Mounds,26.17314,-81.25979,,"USGS place-names (GNIS) position; Everglades/marsh mound: low and broad, review carefully",USGS GNIS feature 281988
Hamilton Mound (FL),Mounds,25.58177,-81.21813,,"USGS place-names (GNIS) position; Everglades/marsh mound: low and broad, review carefully",USGS GNIS feature 283641
Johnson Mound (FL),Mounds,25.53309,-81.17621,,"USGS place-names (GNIS) position; Everglades/marsh mound: low and broad, review carefully",USGS GNIS feature 284883
Maple Mound (FL),Mounds,26.66395,-80.99756,,"USGS place-names (GNIS) position; Everglades/marsh mound: low and broad, review carefully",USGS GNIS feature 286397
Panther Mound (FL),Mounds,25.57316,-80.75895,,"USGS place-names (GNIS) position; Everglades/marsh mound: low and broad, review carefully",USGS GNIS feature 288465
Rookery Mound (FL),Mounds,25.46266,-80.87693,,"USGS place-names (GNIS) position; Everglades/marsh mound: low and broad, review carefully",USGS GNIS feature 289942
Sandy Mound (FL),Mounds,25.70899,-80.98062,,"USGS place-names (GNIS) position; Everglades/marsh mound: low and broad, review carefully",USGS GNIS feature 290622
Sugar Mill Mound (FL),Mounds,26.06231,-81.05534,,"USGS place-names (GNIS) position; Everglades/marsh mound: low and broad, review carefully",USGS GNIS feature 307568
Tonys Mound (FL),Mounds,26.55452,-80.94034,,"USGS place-names (GNIS) position; Everglades/marsh mound: low and broad, review carefully",USGS GNIS feature 292360
"Mulberry Mound, north Brevard County (FL)",Mounds,28.36334,-80.87450,,"USGS place-names (GNIS) position; Everglades/marsh mound: low and broad, review carefully",USGS GNIS feature 287441
"Mulberry Mound, south Brevard County (FL)",Mounds,27.87641,-80.78533,,"USGS place-names (GNIS) position; Everglades/marsh mound: low and broad, review carefully",USGS GNIS feature 287442
Nanih Waiya Mound (MS),Mounds,,,"Nanih Waiya Historic Site, Winston County, Mississippi",found by name lookup when toured (no coordinates in this file),name lookup
Ingomar Mounds (MS),Mounds,,,"Ingomar Mounds, Union County, Mississippi",found by name lookup when toured (no coordinates in this file),name lookup
"Velda Mound Park, Tallahassee (FL)",Mounds,,,"Velda Mound Park, Tallahassee, Florida",found by name lookup when toured (no coordinates in this file),name lookup
Sellars Indian Mound (TN),Mounds,,,"Sellars Farm State Archaeological Area, Lebanon, Tennessee",found by name lookup when toured (no coordinates in this file),name lookup
"Leake Mounds, Cartersville (GA)",Mounds,,,"Leake Mounds Interpretive Trail, Cartersville, Georgia",found by name lookup when toured (no coordinates in this file),name lookup
Strawtown Koteewi Park earthworks (IN),Mounds,,,"Strawtown Koteewi Park, Noblesville, Indiana",found by name lookup when toured (no coordinates in this file),name lookup
Glenford Fort (OH),Mounds,,,"Glenford Fort, Perry County, Ohio",found by name lookup when toured (no coordinates in this file),name lookup
Spruce Hill Earthworks (OH),Mounds,,,"Spruce Hill Earthworks, Ross County, Ohio",found by name lookup when toured (no coordinates in this file),name lookup
"Odd Fellows Cemetery Mound, Newtown (OH)",Mounds,,,"Odd Fellows Cemetery, Newtown, Ohio",found by name lookup when toured (no coordinates in this file),name lookup
Norwood Mound (OH),Mounds,,,"Indian Mound Avenue, Norwood, Ohio",found by name lookup when toured (no coordinates in this file),name lookup
"Infirmary Mound Park, Granville (OH)",Mounds,,,"Infirmary Mound Park, Granville, Ohio",found by name lookup when toured (no coordinates in this file),name lookup
"Rockwell Mound, Havana (IL)",Mounds,,,"Rockwell Mound, Havana, Illinois",found by name lookup when toured (no coordinates in this file),name lookup
"Gramercy Park Mounds, East Dubuque (IL)",Mounds,,,"Gramercy Park, East Dubuque, Illinois",found by name lookup when toured (no coordinates in this file),name lookup
"Squawkie Hill Mound, Letchworth State Park (NY)",Mounds,,,"Squawkie Hill, Letchworth State Park, New York",found by name lookup when toured (no coordinates in this file),name lookup
Kituwah Mound (NC),Mounds,,,"Kituwah Mound, Bryson City, North Carolina",found by name lookup when toured (no coordinates in this file),name lookup
Cowee Mound (NC),Mounds,,,"Cowee Mound, Macon County, North Carolina",found by name lookup when toured (no coordinates in this file),name lookup
"Blood Run, Good Earth State Park (SD)",Mounds,,,"Good Earth State Park at Blood Run, South Dakota",found by name lookup when toured (no coordinates in this file),name lookup
Bellevue State Park mounds (IA),Mounds,,,"Bellevue State Park, Bellevue, Iowa",found by name lookup when toured (no coordinates in this file),name lookup
Beloit College Mounds (WI),Mounds + effigies,,,"Beloit College, Beloit, Wisconsin",found by name lookup when toured (no coordinates in this file),name lookup
Jefferson County Indian Mounds and Trail Park (WI),Mounds + effigies,,,"Jefferson County Indian Mounds and Trail Park, Fort Atkinson, Wisconsin",found by name lookup when toured (no coordinates in this file),name lookup
"Mound Cemetery Mounds, Racine (WI)",Mounds,,,"Mound Cemetery, Racine, Wisconsin",found by name lookup when toured (no coordinates in this file),name lookup
"Ochsner Park Effigy Mounds, Baraboo (WI)",Mounds + effigies,,,"Ochsner Park, Baraboo, Wisconsin",found by name lookup when toured (no coordinates in this file),name lookup
Van Meter State Park Old Fort earthwork (MO),Mounds,,,"Van Meter State Park, Missouri",found by name lookup when toured (no coordinates in this file),name lookup
Shakopee Memorial Park Mounds (MN),Mounds,,,"Memorial Park, Shakopee, Minnesota",found by name lookup when toured (no coordinates in this file),name lookup
