Name,Type,Latitude,Longitude,Address (when no published coordinates),What is there,Best for,Source
Effigy Mounds National Monument (IA),Effigy / linear,43.0888,-91.1856,,"200+ mounds: bear and bird effigies, linear and conical mounds; Marching Bear Group is in the South Unit",Effigy model + small conical mounds,https://en.wikipedia.org/wiki/Effigy_Mounds_National_Monument
Lizard Mound State Park (WI),Effigy / linear,43.4633,-88.1392,,"Lizard/panther and bird effigies, linear and conical mounds",Effigy model + small conical mounds,https://en.wikipedia.org/wiki/Lizard_Mound_State_Park
Man Mound Park (WI),Effigy / linear,43.4886,-89.6708,"E13097 Man Mound Rd, Baraboo, WI",Human-figure effigy,Effigy model,https://wikipedia.com/wiki/Man_Mound
Kingsley Bend Indian Mounds (WI),Effigy / linear,43.6014,-89.7114,"WI Hwy 16, 3 mi SE of Wisconsin Dells","Effigy, linear and conical mounds",Effigy model + small conical mounds,https://en.wikipedia.org/wiki/Kingsley_Bend_Mound_Group
Sheboygan Indian Mound Park (WI),Effigy / linear,43.6958,-87.7189,"5000 S 9th St, Sheboygan, WI","Deer and panther (water spirit) effigies, linear and conical mounds",Effigy model + small conical mounds,https://en.wikipedia.org/wiki/Sheboygan_Indian_Mound_Park
"Burrows Park Effigy Mound, Madison (WI)",Effigy / linear,43.1019,-89.3672,,"Bird effigy, 128 ft wingspan",Effigy model (bird),https://en.wikipedia.org/wiki/Burrows_Park_Effigy_Mound_and_Campsite
Governor Nelson State Park (WI),Effigy / linear,43.1350,-89.4364,,Large panther effigy and conical mounds at the south end of the park (park coordinates),Effigy model + small conical mounds,https://en.wikipedia.org/wiki/Governor_Nelson_State_Park
Serpent Mound (OH),Effigy / linear,39.0264,-83.4308,,"Serpent effigy, 1,348 ft long",Effigy model,https://en.wikipedia.org/wiki/Serpent_Mound
Devil's Lake State Park bird mound (WI),Effigy / linear,,,"South shore picnic area, S5975 Park Rd, Baraboo, WI","Bird effigy, 240 ft wingspan, 115 ft body",Effigy model (bird),https://www.travelwisconsin.com/events/burial-mounds-and-effigy-earthworks-of-devils-lake-state-park
Mendota State Hospital Mound Group (WI),Effigy / linear,,,"301 Troy Dr, Madison, WI (hospital grounds; check access)","3 bird effigies (one 624 ft wingspan), 2 panthers, 2 bears, a deer","Effigy model (birds, animals)",https://www.HMdb.org/m.asp?m=35052
High Cliff State Park (WI),Effigy / linear,,,"N7630 State Park Rd, Sherwood, WI (Indian Mounds Trail)",9 effigy mounds along the trail,Effigy model,https://dnr.wisconsin.gov/topic/parks/highcliff/history
"Wyalusing State Park, Sentinel Ridge (WI)",Effigy / linear,,,"Wyalusing State Park, near Prairie du Chien / Bagley, WI (Sentinel Ridge Trail)","28 mounds along the bluff crest: conical, short linear, bears, one tailed effigy",Effigy model + small conical mounds,https://dnr.wisconsin.gov/topic/parks/wyalusing/history
Whitewater Effigy Mounds Preserve (WI),Effigy / linear,,,"288 S Indian Mound Pkwy, Whitewater, WI","Effigy, linear and conical mounds",Effigy model + small conical mounds,https://www.travelwisconsin.com/native-culture/indian-mounds-park-194671
Aztalan State Park (WI),Mound,43.0656,-88.8629,,3 platform mounds and a line of conical mounds,Mound scan (platforms); small conicals for the mound model,https://en.wikipedia.org/wiki/Aztalan_State_Park
"Monks Mound, Cahokia (IL)",Mound,38.6603,-90.0624,,Largest platform mound north of Mexico; ~70 other mounds in the site,Mound scan (platforms); too big for the mound model,https://jqjacobs.net/archaeo/cahokia.html
Moundville Archaeological Site (AL),Mound,33.0047,-87.6311,,29 platform mounds around a plaza,Mound scan (platforms),https://en.wikipedia.org/wiki/Moundville_Archaeological_Site
Etowah Indian Mounds (GA),Mound,34.1251,-84.8077,"813 Indian Mounds Rd SE, Cartersville, GA",6 mounds incl. 63 ft Mound A,Mound scan (platforms),https://en.wikipedia.org/wiki/Etowah_Indian_Mounds
Ocmulgee Mounds NHP (GA),Mound,32.8367,-83.6083,,Great Temple Mound and other platform/burial mounds,Mound scan,https://en.wikipedia.org/wiki/Ocmulgee_Mounds_National_Historical_Park
Kolomoki Mounds State Park (GA),Mound,31.4686,-84.9485,,Platform mound and burial mounds,Mound scan,https://en.wikipedia.org/wiki/Kolomoki_Mounds
Plum Bayou (Toltec) Mounds (AR),Mound,34.6469,-92.0653,,Platform mounds around plazas,Mound scan,https://www.americasstateparks.org/state-park/toltec-mounds-archeological/
Poverty Point (LA),Mound,32.6367,-91.4114,,"Huge Mound A, concentric ridges (linear earthworks) and smaller mounds",Mound scan; ridges for the effigy/linear model,https://en.wikipedia.org/wiki/Poverty_Point
Grave Creek Mound (WV),Mound,39.9169,-80.7446,"Tomlinson Ave & 9th St, Moundsville, WV",62 ft conical burial mound,Mound scan (very large conical),https://en.wikipedia.org/wiki/Grave_Creek_Mound
Miamisburg Mound (OH),Mound,39.6276,-84.2809,,65 ft conical mound,Mound scan (very large conical),https://en.wikipedia.org/wiki/Miamisburg_Mound
"Mound City Group, Hopewell Culture NHP (OH)",Mound,39.3741,-83.0073,"16062 State Route 104, Chillicothe, OH",23 burial mounds inside an earthen enclosure,Mound model (small/medium mounds),https://www.nps.gov/hocu/planyourvisit/directions.htm
Pinson Mounds - Saul's Mound (TN),Mound,35.4955,-88.6825,,72 ft Saul's Mound plus a dozen smaller mounds and an enclosure,Mound scan; smaller mounds for the mound model,https://en.wikipedia.org/wiki/Pinson_Mounds
Shiloh Indian Mounds (TN),Mound,35.1414,-88.3208,,7 platform mounds and many small house mounds,Mound scan + mound model,https://en.wikipedia.org/wiki/Shiloh_Indian_Mounds_Site
Town Creek Indian Mound (NC),Mound,35.1824,-79.9298,,Reconstructed platform mound,Mound scan,https://topoquest.com/place-detail.php?id=1017880
Winterville Mounds (MS),Mound,33.4858,-91.0611,,12+ platform mounds,Mound scan,https://en.wikipedia.org/wiki/Winterville_site
Emerald Mound (MS),Mound,31.6361,-91.2472,,35 ft platform mound with secondary mounds,Mound scan,https://en.wikipedia.org/wiki/Emerald_Mound_site
Angel Mounds (IN),Mound,37.9425,-87.4572,,11 platform mounds,Mound scan,https://en.wikipedia.org/wiki/Angel_Mounds
Kincaid Mounds (IL),Mound,37.0806,-88.4917,,Platform and burial mounds,Mound scan,https://en.wikipedia.org/wiki/Kincaid_Mounds_State_Historic_Site
"Indian Mounds Regional Park, St. Paul (MN)",Mound,44.9456,-93.0536,"10 Mounds Blvd, St. Paul, MN",6 conical burial mounds on the bluff,Mound model (conical),"https://en.wikipedia.org/wiki/Indian_Mounds_Regional_Park_(Saint_Paul,_Minnesota)"
Oakville Indian Mounds Park (AL),Mound,,,"1219 County Road 187, Danville, AL",Copena mound (27 ft) and ~20 Middle Woodland mounds,Mound scan + mound model,https://www.alabama.travel/places-to-go/oakville-indian-mounds-education-center
Florence Indian Mound (AL),Mound,,,"110 W College St, Florence, AL",Large Woodland platform mound,Mound scan,https://omeka.lib.auburn.edu/items/show/248
