Name,Type,Approx latitude,Approx longitude,Map lookup name
"Sapelo Shell Ring Complex (GA)",Shell midden / ring,31.524,-81.265,"Sapelo Shell Ring, Georgia"
"Fig Island Shell Rings (SC)",Shell midden / ring,32.565,-80.333,"Fig Island Shell Rings, South Carolina"
"Sewee Shell Ring (SC)",Shell midden / ring,32.979,-79.643,"Sewee Shell Ring, South Carolina"
"Sea Pines Shell Ring, Hilton Head (SC)",Shell midden / ring,32.151,-80.776,"Sea Pines Shell Ring, Hilton Head Island"
"Green's Shell Enclosure, Hilton Head (SC)",Shell midden / ring,32.215,-80.683,"Green's Shell Enclosure, Hilton Head Island"
"Spanish Mount, Edisto Beach State Park (SC)",Shell midden / ring,32.528,-80.312,"Spanish Mount, Edisto Beach State Park"
"Rollins Shell Ring, Fort George Island (FL)",Shell midden / ring,30.44,-81.435,"Rollins Shell Ring, Fort George Island, Florida"
"Pineland Site, Randell Research Center (FL)",Shell midden / ring,26.661,-82.153,"Randell Research Center, Pineland, Florida"
"Josslyn Island (FL)",Shell midden / ring,26.638,-82.108,"Josslyn Island, Florida"
"Hontoon Island State Park shell mounds (FL)",Shell midden / ring,28.973,-81.357,"Hontoon Island State Park, Florida"
"Blue Spring State Park shell midden (FL)",Shell midden / ring,28.946,-81.34,"Blue Spring State Park, Florida"
"Tomoka State Park, Nocoroco (FL)",Shell midden / ring,29.342,-81.088,"Tomoka State Park, Florida"
"Castle Windy Midden, Canaveral NS (FL)",Shell midden / ring,28.894,-80.809,"Castle Windy, Canaveral National Seashore"
"Ross Hammock, Canaveral NS (FL)",Shell midden / ring,28.833,-80.802,"Ross Hammock, Canaveral National Seashore"
"De Soto National Memorial shell midden (FL)",Shell midden / ring,27.523,-82.643,"De Soto National Memorial, Florida"
"Indian Shell Mound Park, Dauphin Island (AL)",Shell midden / ring,30.254,-88.104,"Indian Shell Mound Park, Dauphin Island, Alabama"
"Whaleback Shell Midden, Damariscotta (ME)",Shell midden / ring,44.044,-69.534,"Whaleback Shell Midden, Damariscotta, Maine"
"Coyote Hills Regional Park shell mound (CA)",Shell midden / ring,37.552,-122.092,"Coyote Hills Regional Park, Fremont, California"
